labels,satisfaction_v2,Gender,Customer Type,Age,Type of Travel,Class,Flight Distance,Seat comfort,Departure/Arrival time convenient,Food and drink,Gate location,Inflight wifi service,Inflight entertainment,Online support,Ease of Online booking,On-board service,Leg room service,Baggage handling,Checkin service,Cleanliness,Online boarding,Departure Delay in Minutes,Arrival Delay in Minutes
0,0.2030318870883429,0.3334553058024046,0.0,29.646837428123366,0.00036591740721380033,0.24929430214323053,2008.5740721380032,2.6647151071615265,2.3490852064819654,2.65697856769472,3.0112911657083115,3.038473601672765,2.670360690015682,3.0036069001568215,3.0504966021955044,3.121066387872452,3.169106116048092,3.5717720857292212,3.1027182435964455,3.5811813904861474,3.0560376372190277,15.176372190277052,15.735321870413085
1,0.2113461898520876,1.0,0.9964051675716158,39.848792360981086,0.7014416775884665,0.0,2071.828421643887,2.7190788241902264,3.4415278037820634,2.6268114585283655,2.9561879797790676,3.0976596143044373,2.7050365100168507,3.0703613555513947,3.1154465455907134,3.1606815203145477,3.1715783561130872,3.5591462272982586,3.166148661299382,3.588653810147912,3.113873806403295,14.706796480059914,15.125065764750094
2,0.6979965692462051,1.0,0.85558468459721,41.672460109395736,0.043693562481794346,1.0,2162.783894876525,2.777551218564909,2.9084700780011006,2.9178561025342264,2.983849564682655,3.3371201087484224,3.7281936757614007,3.76842411884649,3.6424248308897305,3.6809722626792247,3.641939346862155,3.8423795190471566,3.5241609217723404,3.8399520989092792,3.4904683302586013,14.571285238049002,14.70559215864464
3,0.7046293494704993,0.0,1.0,43.28674735249622,0.0,0.7618154311649017,1995.1627534039335,2.8593645990922845,2.9441149773071102,2.9439334341906203,3.00732223903177,3.32535552193646,3.70714069591528,3.741906202723147,3.6497730711043874,3.542965204236006,3.588018154311649,3.6536459909228443,3.3162783661119515,3.6561875945537063,3.4314674735249624,14.674856278366113,15.101137915339098
4,0.8311772315653299,0.0,0.9954224300925465,38.38272464921883,1.0,0.06547915215444323,1533.9608418748135,3.2226092148472483,3.205045278137128,3.084386506120012,2.9983580455766745,3.3902875908050554,3.901532490795104,3.86023484923873,3.7933127674395464,3.73698875510001,3.797293263011245,3.8385909045676185,3.557965966762862,3.855159717384814,3.6103592397253457,14.565379639765151,15.009134015472922
