{"WA 98001": 257734.8017057612, "WA 98002": 223547.30555555556, "WA 98003": 299425.625, "WA 98004": 1317106.0162162161, "WA 98005": 778779.1839080345, "WA 98006": 793052.634090909, "WA 98007": 639103.4188034103, "WA 98008": 602963.1, "WA 98010": 339605.55555555556, "WA 98011": 483518.203125, "WA 98014": 508751.95454545453, "WA 98019": 403994.12698411907, "WA 98022": 307614.58333332144, "WA 98023": 287306.41253131576, "WA 98024": 692681.8181818182, "WA 98027": 581749.9894736842, "WA 98028": 447009.0547263582, "WA 98029": 618453.0883838409, "WA 98030": 279973.9384436586, "WA 98031": 682613.4707491515, "WA 98032": 261342.47619047618, "WA 98033": 816408.4662921348, "WA 98034": 501118.97158397984, "WA 98038": 336474.9118055521, "WA 98039": 2046559.0909090908, "WA 98040": 1123817.6201550348, "WA 98042": 320243.96857143, "WA 98045": 399565.70666666003, "WA 98047": 225233.33333333334, "WA 98050": 562450.0, "WA 98051": 514071.4285714286, "WA 98052": 637555.7193672815, "WA 98053": 708179.781214347, "WA 98055": 327850.0, "WA 98056": 402044.340129747, "WA 98057": 279108.3333333571, "WA 98058": 347928.7958479579, "WA 98059": 499455.77010765095, "WA 98065": 536305.2957746478, "WA 98068": 525000.0, "WA 98070": 472556.8965517241, "WA 98072": 578530.0, "WA 98074": 613305.5380796021, "WA 98075": 762953.4263417228, "WA 98077": 647165.1442307692, "WA 98092": 357123.6652102891, "WA 98102": 742405.6521739131, "WA 98103": 578663.0617760608, "WA 98105": 913667.0272108775, "WA 98106": 297214.6464646515, "WA 98107": 572687.2413793104, "WA 98108": 329327.54347826086, "WA 98109": 1049845.8333333333, "WA 98112": 1001603.6376811594, "WA 98115": 595086.4681318692, "WA 98116": 625870.0487179538, "WA 98117": 563904.7596369698, "WA 98118": 434053.37320907594, "WA 98119": 914441.4965985714, "WA 98122": 576430.0404040455, "WA 98125": 442379.7752808989, "WA 98126": 423193.6726920641, "WA 98133": 374433.23297491396, "WA 98136": 522612.83771929826, "WA 98144": 603061.3125, "WA 98146": 360535.04938272224, "WA 98148": 308228.125, "WA 98155": 379187.00883838633, "WA 98166": 434484.54331450845, "WA 98168": 251921.35891968658, "WA 98177": 699693.5157232642, "WA 98178": 263912.4574829796, "WA 98188": 261990.34782608695, "WA 98198": 307774.4234693929, "WA 98199": 943158.6631652059, "WA 98288": 233000.0, "WA 98354": 285000.0}